City_ID,City,Country,Lat,Lng,Max Temp,Humidity,Cloudiness,Wind Speed,Current Description
0,High Level,CA,58.5169,-117.136,-12.89,77,75,4.61,broken clouds
1,Mataura,NZ,-46.1927,168.8643,49.3,99,100,3.11,light rain
2,Pevek,RU,69.7008,170.3133,-17.66,98,25,2.35,scattered clouds
3,Tazovskiy,RU,67.4667,78.7,1.62,97,99,7.05,overcast clouds
4,Morant Bay,JM,17.8815,-76.4093,80.22,83,7,10.65,clear sky
5,Rikitea,PF,-23.1203,-134.9692,77.97,74,100,18.88,overcast clouds
6,Ribeira Grande,PT,38.5167,-28.7,58.68,74,100,17.74,overcast clouds
7,Goure,NE,13.9835,10.2704,59.02,19,0,12.33,clear sky
8,Ushuaia,AR,-54.8,-68.3,44.26,65,75,20.71,broken clouds
9,Tuktoyaktuk,CA,69.4541,-133.0374,-20.2,76,75,11.5,light snow
10,Torbay,CA,47.6666,-52.7314,38.57,83,100,24.16,overcast clouds
11,Hobart,AU,-42.8794,147.3294,69.26,49,75,1.99,broken clouds
12,Hermanus,ZA,-34.4187,19.2345,60.91,72,100,9.17,overcast clouds
13,Chapais,CA,49.7834,-74.8492,-24.02,99,59,2.44,broken clouds
14,Punta Arenas,CL,-53.15,-70.9167,46.51,57,75,10.36,broken clouds
15,Mount Gambier,AU,-37.8333,140.7667,68.4,47,13,9.06,few clouds
16,Namibe,AO,-15.1961,12.1522,71.51,77,2,7.09,clear sky
17,Clyde River,CA,70.4692,-68.5914,-7.37,77,100,39.12,heavy snow
18,Lobito,AO,-12.3481,13.5456,74.57,73,97,2.06,overcast clouds
19,Kapaa,US,22.0752,-159.319,78.12,65,0,1.01,clear sky
20,Longyearbyen,SJ,78.2186,15.6401,13.84,73,75,10.36,broken clouds
21,Jamestown,US,42.097,-79.2353,24.08,69,100,5.99,snow
22,Cape Town,ZA,-33.9258,18.4232,62.35,63,20,3.0,few clouds
23,Ixtapa,MX,20.7,-105.2,74.43,64,75,8.05,broken clouds
24,Hilo,US,19.7297,-155.09,77.25,76,75,10.36,broken clouds
25,Inhambane,MZ,-23.865,35.3833,76.17,86,2,2.48,clear sky
26,Aklavik,CA,68.2191,-135.0107,-21.17,99,11,6.35,few clouds
27,Rawson,AR,-43.3002,-65.1023,68.18,60,100,9.78,overcast clouds
28,Sinnamary,GF,5.3833,-52.95,76.68,89,100,9.98,overcast clouds
29,General Roca,AR,-39.0333,-67.5833,72.0,44,100,26.71,light rain
30,Balad,IQ,34.0164,44.1453,55.67,33,100,11.9,overcast clouds
31,Butaritari,KI,3.0707,172.7902,82.17,75,10,14.29,clear sky
32,Barcelona,ES,41.3888,2.159,55.33,79,0,1.01,clear sky
33,Naze,JP,28.3667,129.4833,54.52,75,100,18.5,overcast clouds
34,Turbat,PK,26.0023,63.044,58.78,16,0,5.66,clear sky
35,Port Alfred,ZA,-33.5906,26.891,69.71,74,96,16.46,overcast clouds
36,Antofagasta,CL,-23.65,-70.4,71.22,63,6,6.53,clear sky
37,Lagoa,PT,39.05,-27.9833,57.76,73,100,13.22,overcast clouds
38,Half Moon Bay,US,37.4636,-122.4286,61.11,64,0,9.22,mist
39,San Andres,CO,12.5847,-81.7006,80.62,78,20,6.91,few clouds
40,Busselton,AU,-33.65,115.3333,88.05,35,67,15.57,broken clouds
41,Ahuimanu,US,21.4447,-157.8378,82.11,53,20,5.01,few clouds
42,Bluff,NZ,-46.6,168.3333,49.5,83,100,1.5,light rain
43,Shenjiamen,CN,29.9576,122.298,44.62,64,100,13.0,overcast clouds
44,Hobyo,SO,5.3505,48.5268,75.15,75,32,15.28,scattered clouds
45,Saskylakh,RU,71.9167,114.0833,-16.13,97,100,1.7,overcast clouds
46,Nanortalik,GL,60.1432,-45.2371,26.73,90,100,11.86,light snow
47,Morehead,US,37.2711,-87.1764,28.99,98,100,5.99,overcast clouds
48,Albany,US,42.6001,-73.9662,39.31,91,100,4.0,snow
49,Marand,IR,38.4329,45.7749,30.54,79,9,3.53,clear sky
50,Hithadhoo,MV,-0.6,73.0833,81.59,73,100,9.42,overcast clouds
51,Olinda,BR,-8.0089,-34.8553,82.13,69,40,6.91,scattered clouds
52,Barstow,US,34.8986,-117.0228,53.4,24,3,6.87,clear sky
53,Floro,NO,61.5996,5.0328,39.16,87,75,23.02,broken clouds
54,Ust-Kuyga,RU,70.0167,135.6,-34.28,100,100,4.25,overcast clouds
55,Nikolskoye,RU,59.7035,30.7861,1.29,100,100,2.15,overcast clouds
56,Ilulissat,GL,69.2167,-51.1,19.42,49,100,16.11,overcast clouds
57,Souillac,MU,-20.5167,57.5167,80.98,89,75,25.32,broken clouds
58,Dauphin,CA,51.1494,-100.0502,-16.46,76,75,5.75,broken clouds
59,Najran,SA,17.4924,44.1277,52.45,34,6,4.18,clear sky
60,Abrau-Dyurso,RU,44.69,37.59,33.26,97,100,11.99,overcast clouds
61,Tuatapere,NZ,-46.1333,167.6833,49.8,91,100,4.16,moderate rain
62,The Valley,AI,18.217,-63.0578,77.83,83,20,4.61,few clouds
63,Port Elizabeth,ZA,-33.918,25.5701,67.1,73,98,13.82,overcast clouds
64,Kilindoni,TZ,-7.9139,39.6668,80.47,81,100,10.36,overcast clouds
65,Grindavik,IS,63.8424,-22.4338,27.07,63,20,21.85,few clouds
66,Las Cruces,US,32.3123,-106.7783,31.55,73,75,1.99,broken clouds
67,Dunedin,NZ,-45.8742,170.5036,50.7,95,100,4.7,moderate rain
68,Kavieng,PG,-2.5744,150.7967,82.44,74,100,4.65,light rain
69,Lata,PT,40.1629,-8.3327,49.08,95,98,1.28,overcast clouds
70,Acapulco,MX,16.8634,-99.8901,78.62,73,0,8.05,clear sky
71,Kruisfontein,ZA,-34.0033,24.7314,64.89,80,62,9.19,light rain
72,Yar-Sale,RU,66.8333,70.8333,-7.06,99,99,5.5,overcast clouds
73,Cherskiy,RU,68.75,161.3,-29.4,99,35,3.36,scattered clouds
74,Ilabaya,PE,-17.4208,-70.5133,64.44,75,14,1.99,few clouds
75,Tura,IN,25.5198,90.2201,57.9,70,100,4.12,overcast clouds
76,Pangody,RU,65.85,74.4859,7.77,96,96,6.2,overcast clouds
77,Port-Gentil,GA,-0.7193,8.7815,79.68,79,100,6.38,light rain
78,Gambela,ET,8.25,34.5833,79.86,37,72,2.33,broken clouds
79,Victoria,HK,22.2855,114.1577,59.25,79,77,5.01,broken clouds
80,Sawakin,SD,19.1059,37.3321,76.51,85,100,13.8,overcast clouds
81,Grand Island,US,40.925,-98.342,17.2,34,0,5.75,clear sky
82,Bethel,US,41.3712,-73.414,44.29,95,100,0.0,mist
83,Shakhtinsk,KZ,49.71,72.5872,-5.24,88,4,4.16,clear sky
84,Dikson,RU,73.5069,80.5464,-7.51,94,100,5.73,overcast clouds
85,Ciudad Bolivar,VE,8.1222,-63.5497,81.77,57,15,13.78,few clouds
86,Georgetown,MY,5.4112,100.3354,82.33,83,20,1.99,few clouds
87,Tiznit,MA,29.5833,-9.5,62.22,26,64,7.29,broken clouds
88,Kerema,PG,-7.9631,145.7785,86.05,61,100,7.63,overcast clouds
89,Carnarvon,AU,-24.8667,113.6333,89.69,37,7,8.32,clear sky
90,Mar Del Plata,AR,-38.0023,-57.5575,71.1,93,100,1.99,fog
91,Aitape,PG,-3.1374,142.3475,84.06,66,42,5.75,scattered clouds
92,Roald,NO,62.5833,6.1333,40.12,87,100,12.66,light rain
93,Alice Springs,AU,-23.7,133.8833,72.95,35,97,18.41,overcast clouds
94,Panama,PA,9.0,-80.0,80.44,95,15,3.47,few clouds
95,Susangerd,IR,31.5608,48.1831,53.62,52,86,7.31,overcast clouds
96,Margate,GB,51.3813,1.3862,48.96,84,100,20.92,overcast clouds
97,Manakara,MG,-22.1333,48.0167,75.34,92,98,9.44,moderate rain
98,Jiayuguan,CN,39.8167,98.3,15.15,39,55,3.85,broken clouds
99,Ponta Do Sol,PT,32.6667,-17.1,66.0,76,37,4.36,scattered clouds
100,Fershampenuaz,RU,53.5202,59.8117,20.23,83,100,13.71,overcast clouds
101,Jawad,IN,24.6,74.85,49.66,54,0,1.83,clear sky
102,Bengkulu,ID,-3.8004,102.2655,76.95,86,96,3.11,overcast clouds
103,Ushibuka,JP,32.1906,130.0228,46.31,50,17,17.4,few clouds
104,Cabo San Lucas,MX,22.8909,-109.9124,70.11,57,20,10.36,few clouds
105,Champerico,GT,14.3,-91.9167,81.36,66,23,6.15,few clouds
106,Bullhead City,US,35.1478,-114.5683,56.62,19,0,18.41,clear sky
107,Kivsharivka,UA,49.6213,37.7036,28.92,97,100,7.18,overcast clouds
108,Anderson,US,34.5334,-82.6499,57.24,98,100,0.0,overcast clouds
109,Atuona,PF,-9.8,-139.0333,78.66,74,4,15.73,clear sky
110,Galatii Bistritei,RO,46.9833,24.4,22.35,98,100,2.06,overcast clouds
111,Chuy,UY,-33.6971,-53.4616,73.02,95,100,5.79,heavy intensity rain
112,Atambua,ID,-9.1061,124.8925,78.6,80,65,6.26,broken clouds
113,Saint-Philippe,RE,-21.3585,55.7679,78.35,93,100,33.62,moderate rain
114,Westport,US,41.1415,-73.3579,48.74,96,100,3.0,mist
115,Terrasini,IT,38.146,13.0844,54.21,53,0,8.05,clear sky
116,Thompson,CA,55.7435,-97.8558,-18.24,69,0,8.05,clear sky
117,Saint-Joseph,RE,-21.3667,55.6167,77.36,89,100,27.63,moderate rain
118,Castro,BR,-24.7911,-50.0119,65.12,98,100,5.37,light rain
119,Puerto Escondido,MX,15.85,-97.0667,79.63,73,0,0.0,clear sky
120,Khatanga,RU,71.9667,102.5,-33.14,100,89,3.91,overcast clouds
121,Shelburne,CA,44.0787,-80.2041,11.19,88,100,12.82,overcast clouds
122,Qaqortoq,GL,60.7167,-46.0333,27.1,92,100,15.79,light snow
123,Bredasdorp,ZA,-34.5322,20.0403,61.92,67,100,4.61,overcast clouds
124,Prado,BR,-17.3411,-39.2208,77.34,88,31,6.8,scattered clouds
125,Gunjur,GM,13.2019,-16.7339,72.75,65,0,7.54,clear sky
126,Upernavik,GL,72.7868,-56.1549,3.2,66,100,5.48,overcast clouds
127,Huangchuan,CN,32.1272,115.0394,39.97,71,37,3.56,scattered clouds
128,Ballina,AU,-28.8667,153.5667,75.24,87,40,18.41,light rain
129,Abu Zabad,SD,12.35,29.25,70.02,17,100,15.86,overcast clouds
130,Boende,CD,-0.2167,20.8667,67.05,95,95,2.73,overcast clouds
131,Meulaboh,ID,4.1363,96.1285,76.08,86,94,3.8,overcast clouds
132,Touros,BR,-5.1989,-35.4608,81.5,75,83,13.33,broken clouds
133,Shiogama,JP,38.3167,141.0333,37.38,60,97,10.02,overcast clouds
134,Rykhtychi,UA,49.3851,23.5566,31.01,82,100,8.55,overcast clouds
135,Yellowknife,CA,62.456,-114.3525,-24.45,87,0,5.75,clear sky
136,Laguna,US,38.421,-121.4238,59.14,54,0,0.0,clear sky
137,Ahipara,NZ,-35.1667,173.1667,77.14,70,99,14.72,overcast clouds
138,Kaitangata,NZ,-46.2817,169.8464,48.51,96,100,1.1,moderate rain
139,Alyangula,AU,-13.8483,136.4192,84.07,74,40,11.5,light rain
140,Belaya Gora,RU,68.5333,146.4167,-33.12,99,38,1.01,scattered clouds
141,Airai,TL,-8.9266,125.4092,71.64,67,77,4.41,broken clouds
142,Mwense,ZM,-10.3845,28.698,65.48,98,100,0.65,light rain
143,East London,ZA,-33.0153,27.9116,69.39,81,100,15.5,light rain
144,Ilo,PE,-17.6394,-71.3375,69.48,80,100,3.8,overcast clouds
145,Rochegda,RU,62.8,43.25,-10.16,100,100,0.98,overcast clouds
146,Tasiilaq,GL,65.6145,-37.6368,12.36,62,96,6.69,overcast clouds
147,Qaanaaq,GL,77.484,-69.3632,-14.31,56,98,8.25,overcast clouds
148,Puerto Penasco,MX,31.3167,-113.5333,56.91,14,0,5.01,clear sky
149,Sisimiut,GL,66.9395,-53.6735,12.47,75,64,33.93,broken clouds
150,Norman Wells,CA,65.282,-126.8329,-34.56,67,20,3.44,few clouds
151,Visnes,NO,59.3556,5.2242,42.85,65,20,16.11,light intensity drizzle
152,Poopo,BO,-18.3667,-66.9667,49.48,67,100,3.13,overcast clouds
153,Puerto Ayora,EC,-0.7393,-90.3518,75.54,92,10,3.0,clear sky
154,Lokosovo,RU,61.1333,74.8167,23.49,95,100,12.26,snow
155,Kinkala,CG,-4.3614,14.7644,70.11,94,93,2.51,overcast clouds
156,Ostrovnoy,RU,68.0531,39.5131,14.7,93,100,3.71,light snow
157,Avarua,CK,-21.2078,-159.775,84.25,79,40,19.57,scattered clouds
158,Pecos,US,31.4229,-103.4932,25.63,68,75,3.44,broken clouds
159,Arlit,NE,18.7369,7.3853,55.2,20,6,7.78,clear sky
160,Gwanda,ZW,-20.9333,29.0,70.39,65,15,4.74,few clouds
161,Arraial Do Cabo,BR,-22.9661,-42.0278,75.43,91,100,9.73,overcast clouds
162,Reconquista,AR,-29.15,-59.65,74.5,74,19,8.3,few clouds
163,Saldanha,ZA,-33.0117,17.9442,57.25,81,0,18.86,clear sky
164,Esperance,AU,-33.8667,121.9,73.36,53,2,13.15,clear sky
165,Saint George,US,37.1041,-113.5841,43.39,27,0,15.01,clear sky
166,Poya,NC,-21.35,165.15,79.68,88,100,5.23,overcast clouds
167,Karratha,AU,-20.7377,116.8463,89.76,46,67,8.93,broken clouds
168,Pereyaslovskaya,RU,45.8412,39.0238,36.9,96,100,9.15,light rain
169,Kitwe,ZM,-12.7961,28.2477,61.81,99,99,3.94,overcast clouds
170,Bambanglipuro,ID,-7.95,110.2833,80.19,76,99,3.33,overcast clouds
171,Acarau,BR,-2.8856,-40.12,78.8,83,81,12.39,broken clouds
172,Barrow,US,71.2906,-156.7887,-23.78,76,100,3.44,haze
173,Inuvik,CA,68.3499,-133.7218,-15.59,76,20,2.3,few clouds
174,Bathsheba,BB,13.2167,-59.5167,77.61,65,20,12.66,few clouds
175,Lorengau,PG,-2.0226,147.2712,84.54,66,100,8.61,overcast clouds
176,Trenggalek,ID,-8.05,111.7167,79.0,84,100,1.32,overcast clouds
177,Broome,US,42.2506,-75.833,35.37,84,100,4.0,freezing rain
178,Iquitos,PE,-3.7481,-73.2472,75.24,100,75,2.3,broken clouds
179,Trapani,IT,37.8333,12.6667,49.89,76,0,8.05,clear sky
180,Zarubino,RU,42.63,131.0922,14.86,52,1,18.52,clear sky
181,Dingle,PH,10.9995,122.6711,81.09,77,75,16.82,broken clouds
182,Vaini,TO,-21.2,-175.2,86.16,79,75,11.5,broken clouds
183,Manokwari,ID,-0.8667,134.0833,80.91,76,96,3.94,overcast clouds
184,Mascote,BR,-15.5631,-39.3025,72.41,95,33,1.81,scattered clouds
185,Axim,GH,4.8699,-2.2405,78.82,85,0,5.99,light rain
186,Cabedelo,BR,-6.9811,-34.8339,81.27,74,99,12.91,overcast clouds
187,College,US,64.8569,-147.8028,2.46,54,75,4.61,broken clouds
188,Kodiak,US,57.79,-152.4072,40.51,87,100,10.36,mist
189,Tiksi,RU,71.6872,128.8694,-11.63,100,100,6.64,overcast clouds
190,Waitara,NZ,-38.925,174.25,73.0,71,14,13.13,few clouds
191,Cheney,US,47.4874,-117.5758,32.0,90,100,4.61,light snow
192,Maningrida,AU,-12.0667,134.2667,86.43,62,100,11.18,light rain
193,Emmauss,RU,56.7805,36.115,17.11,97,99,4.27,light snow
194,Northam,GB,51.0333,-4.2167,51.42,92,100,24.05,overcast clouds
195,Marsa Matruh,EG,31.3525,27.2453,55.22,73,97,30.87,overcast clouds
196,Lerwick,GB,60.1545,-1.1494,39.2,57,100,30.13,overcast clouds
197,Ambulu,ID,-8.345,113.6058,82.94,70,95,2.42,overcast clouds
198,Miandrivazo,MG,-19.5167,45.4667,77.56,87,51,1.66,broken clouds
199,Waterfoot,GB,53.6929,-2.2525,45.16,94,100,5.99,heavy intensity rain
200,Zlobin,HR,45.2924,14.6541,36.7,80,0,4.61,clear sky
201,Kununurra,AU,-15.7667,128.7333,85.98,74,75,3.44,broken clouds
202,Narsaq,GL,60.9167,-46.05,26.82,97,100,7.7,snow
203,Bulungu,CD,-4.55,18.6,67.33,97,100,0.98,overcast clouds
204,Bad Salzuflen,DE,52.0862,8.7443,43.95,92,100,12.71,overcast clouds
205,Taltal,CL,-25.4,-70.4833,68.49,69,0,4.68,clear sky
206,Vila Velha,BR,-20.3297,-40.2925,76.95,95,75,4.0,broken clouds
207,Kargasok,RU,59.0556,80.8572,14.07,92,100,12.06,overcast clouds
208,Araguaina,BR,-7.1911,-48.2072,74.75,86,99,3.94,overcast clouds
209,Cidreira,BR,-30.1811,-50.2056,75.99,88,76,22.93,broken clouds
210,Carutapera,BR,-1.195,-46.02,76.12,90,100,6.62,overcast clouds
211,Faya,SA,18.3851,42.4509,53.71,62,17,4.03,few clouds
212,Boa Vista,BR,2.8197,-60.6733,84.18,54,0,12.66,clear sky
213,Hasaki,JP,35.7333,140.8333,43.29,55,100,9.55,overcast clouds
214,Gushikawa,JP,26.3544,127.8686,62.6,95,100,11.5,overcast clouds
215,Saint-Pierre,RE,-21.3393,55.4781,78.44,86,100,18.86,moderate rain
216,Tessalit,ML,20.1986,1.0114,56.61,17,0,11.68,clear sky
217,Batagay-Alyta,RU,67.8006,130.4114,-18.18,97,99,2.89,overcast clouds
218,Faanui,PF,-16.4833,-151.75,81.23,70,1,15.1,clear sky
219,Mahebourg,MU,-20.4081,57.7,80.89,89,75,25.32,broken clouds
220,Dwarka,IN,22.2394,68.9678,67.15,49,5,6.06,clear sky
221,Hailey,US,43.5196,-114.3153,14.9,73,0,3.44,clear sky
222,Kyren,RU,51.6828,102.1408,6.35,87,88,1.28,overcast clouds
223,Morganton,US,35.7454,-81.6848,60.04,97,100,1.01,moderate rain
224,Inta,RU,66.0317,60.1659,15.71,95,100,5.7,overcast clouds
225,Nancha,CN,47.1333,129.2667,5.27,67,15,5.64,few clouds
226,Lebu,CL,-37.6167,-73.65,59.76,92,17,12.68,few clouds
227,Marakkanam,IN,12.2,79.95,72.97,79,5,6.35,clear sky
228,Port Blair,IN,11.6667,92.75,73.44,88,40,0.0,mist
229,Te Anau,NZ,-45.4167,167.7167,48.25,96,100,2.51,light rain
230,Quatre Cocos,MU,-20.2078,57.7625,80.71,89,100,20.94,light rain
231,Riyadh,SA,24.6877,46.7219,60.94,36,2,7.29,clear sky
232,Jijiga,ET,9.35,42.8,54.43,11,9,6.2,clear sky
233,Shirhatti,IN,15.2333,75.5833,62.35,87,12,6.42,few clouds
234,Venice,US,27.0998,-82.4543,72.09,86,0,10.36,mist
235,Klaksvik,FO,62.2266,-6.589,34.72,83,98,48.9,light snow
236,Mandal,IN,25.45,74.5667,51.53,48,0,4.85,clear sky
237,Coquimbo,CL,-29.9533,-71.3436,64.47,80,6,5.41,clear sky
238,Lamu,KE,-2.2717,40.902,79.02,93,100,8.37,overcast clouds
239,Kant,IN,27.8,79.8,52.47,97,40,8.39,scattered clouds
240,Arcata,US,40.8665,-124.0828,52.66,79,0,8.01,clear sky
241,Kutum,SD,14.2,24.6667,57.16,15,0,12.62,clear sky
242,Tilichiki,RU,60.4667,166.1,3.99,76,100,10.49,overcast clouds
243,Havelock,US,34.8791,-76.9013,66.06,84,100,5.01,overcast clouds
244,Kaputa,ZM,-8.4689,29.6619,67.26,92,100,4.07,moderate rain
245,Vangaindrano,MG,-23.35,47.6,75.29,91,90,8.48,light rain
246,Sao Felix Do Xingu,BR,-6.6447,-51.995,72.66,90,5,1.57,clear sky
247,Isiro,CD,2.7739,27.616,66.11,48,100,2.21,overcast clouds
248,Imeni Poliny Osipenko,RU,52.4201,136.4853,-3.19,89,100,1.59,overcast clouds
249,Manzhouli,CN,49.6,117.4333,-8.41,87,11,7.18,few clouds
250,Anshun,CN,26.25,105.9333,34.63,84,100,6.53,overcast clouds
251,Ahtopol,BG,42.1,27.95,39.67,79,13,9.4,few clouds
252,Mazagao,BR,-0.115,-51.2894,80.65,96,100,3.96,overcast clouds
253,Helong,CN,42.5397,128.9972,8.98,60,20,9.8,few clouds
254,Puerto Carreno,CO,6.189,-67.4859,82.38,74,40,2.3,scattered clouds
255,Sao Joao Da Barra,BR,-21.6403,-41.0511,73.78,96,97,5.79,overcast clouds
256,Innisfail,AU,-17.5333,146.0333,79.95,90,100,2.93,overcast clouds
257,Guerrero Negro,MX,27.9769,-114.0611,62.33,28,0,17.0,clear sky
258,Luzhou,CN,28.8724,105.4405,48.34,65,98,3.96,overcast clouds
259,Waddan,LY,29.1614,16.139,47.1,80,0,5.44,clear sky
260,Petropavlovsk-Kamchatskiy,RU,53.0452,158.6483,28.99,47,75,13.42,broken clouds
261,San Quintin,MX,30.4833,-115.95,57.42,62,0,4.14,clear sky
262,Sangar,RU,63.9242,127.4739,-25.87,99,99,2.06,overcast clouds
263,Piacabucu,BR,-10.4056,-36.4344,78.64,75,82,9.26,broken clouds
264,Nantucket,US,41.2835,-70.0995,49.14,94,100,12.66,overcast clouds
265,Kawalu,ID,-7.3817,108.2082,82.81,64,27,0.69,scattered clouds
266,Springfield,US,37.2153,-93.2982,16.52,87,100,5.99,overcast clouds
267,Xuddur,SO,4.1213,43.8894,68.59,67,100,15.95,overcast clouds
268,Ponta Delgada,PT,37.7333,-25.6667,60.49,77,20,16.11,few clouds
269,Gamba,GA,-2.65,10.0,73.8,90,100,1.99,overcast clouds
270,Nome,US,64.5011,-165.4064,6.87,52,0,29.93,clear sky
271,Byron Bay,AU,-28.65,153.6167,78.75,84,78,20.65,broken clouds
272,Otjimbingwe,NA,-22.35,16.1333,71.76,48,67,2.75,broken clouds
273,Sao Filipe,CV,14.8961,-24.4956,73.02,75,0,9.48,clear sky
274,Lavrentiya,RU,65.5833,-171.0,-0.15,60,0,20.49,clear sky
275,Basavakalyan,IN,17.8667,76.95,60.49,55,7,7.78,clear sky
276,Sept-Iles,CA,50.2001,-66.3821,6.06,61,75,10.0,broken clouds
277,Neftegorsk,RU,52.802,51.166,31.26,95,100,14.14,snow
278,Maceio,BR,-9.6658,-35.7353,78.24,83,0,3.44,clear sky
279,Zaysan,KZ,47.4667,84.8667,-6.41,85,77,2.95,broken clouds
280,Piopio,NZ,-38.4667,175.0167,88.43,29,5,5.86,clear sky
281,Hami,CN,42.8,93.45,21.33,37,12,3.94,few clouds
282,Grand Gaube,MU,-20.0064,57.6608,81.0,84,100,11.01,overcast clouds
283,Chokurdakh,RU,70.6333,147.9167,-28.01,100,71,0.87,broken clouds
284,Marystown,CA,47.1666,-55.1483,38.86,100,100,5.99,overcast clouds
285,Aswan,EG,24.0934,32.907,53.13,35,0,8.66,clear sky
286,Bull Savanna,JM,17.8868,-77.5902,73.15,83,4,6.58,clear sky
287,Severo-Kurilsk,RU,50.6789,156.125,31.33,88,100,10.8,light snow
288,Comodoro Rivadavia,AR,-45.8667,-67.5,60.66,94,40,3.44,scattered clouds
289,Husavik,IS,66.0449,-17.3389,28.31,93,100,15.59,snow
290,San Jose,US,37.3394,-121.895,62.22,38,75,9.22,broken clouds
291,Evensk,RU,61.95,159.2333,15.75,44,59,21.72,broken clouds
292,George,ZA,-33.963,22.4617,60.35,100,100,2.3,overcast clouds
293,Flin Flon,CA,54.7682,-101.865,-17.39,96,42,5.32,scattered clouds
294,Belmonte,BR,-15.8631,-38.8828,81.1,81,92,6.46,overcast clouds
295,Leh,IN,34.1667,77.5833,3.38,97,100,1.79,overcast clouds
296,Miles City,US,46.4083,-105.8406,20.37,68,20,10.36,few clouds
297,Tecoanapa,MX,16.5167,-98.75,75.83,69,0,5.23,clear sky
298,Katsuura,JP,35.1333,140.3,46.11,61,100,9.48,overcast clouds
299,Koumac,NC,-20.5667,164.2833,85.23,75,91,10.45,overcast clouds
300,Elk City,US,35.412,-99.4043,16.48,85,100,21.85,light snow
301,Puerto Colombia,CO,10.9878,-74.9547,80.69,83,0,27.25,clear sky
302,Lishui,CN,28.4604,119.9103,39.29,99,100,2.66,overcast clouds
303,Cap Malheureux,MU,-19.9842,57.6142,81.09,84,100,11.01,overcast clouds
304,Nishihara,JP,26.1842,127.7558,62.65,97,100,10.36,mist
305,Peterborough,GB,52.5736,-0.2478,49.24,83,75,18.41,broken clouds
306,Celestun,MX,20.8667,-90.4,78.24,71,0,5.19,clear sky
307,Bambous Virieux,MU,-20.3428,57.7575,80.85,89,75,25.32,light rain
308,Angahuan,MX,19.55,-102.1833,54.19,55,23,1.12,few clouds
309,Vostok,RU,46.4856,135.8833,0.07,85,98,4.09,overcast clouds
310,Dali,CN,25.7,100.1833,45.0,67,4,2.33,clear sky
311,Jiangmen,CN,22.5833,113.0833,50.99,59,11,14.45,few clouds
312,Eyl,SO,7.9803,49.8164,68.9,74,1,10.49,clear sky
313,Lalibela,ET,12.0333,39.0333,56.5,51,89,0.56,overcast clouds
314,Halifax,CA,44.6453,-63.5724,40.89,98,100,1.99,overcast clouds
315,Hearst,CA,49.6835,-83.6665,-21.75,98,11,3.33,few clouds
316,Leningradskiy,RU,69.3833,178.4167,-8.32,81,2,8.81,clear sky
317,Saint Anthony,US,45.0205,-93.218,1.29,62,0,1.01,clear sky
318,Sayyan,YE,15.1718,44.3244,48.7,34,3,1.95,clear sky
319,Beyneu,KZ,45.3167,55.2,35.74,69,100,21.99,overcast clouds
320,Garissa,KE,-0.4536,39.6401,77.25,70,55,6.69,broken clouds
321,Brazzaville,CG,-4.2658,15.2832,75.51,94,75,5.75,thunderstorm with light rain
322,Ashford,GB,51.1459,0.8728,49.53,90,100,17.47,overcast clouds
323,La Union,PE,-5.4,-80.75,74.12,68,61,15.26,broken clouds
324,Roblin,CA,51.23,-101.3565,-7.04,97,100,6.67,overcast clouds
325,Vila Franca Do Campo,PT,37.7167,-25.4333,60.19,82,100,11.41,overcast clouds
326,Mutoko,ZW,-17.397,32.2268,62.78,93,25,2.84,scattered clouds
327,Nola,IT,40.922,14.5329,48.92,60,86,1.99,overcast clouds
328,Yumen,CN,40.2833,97.2,15.01,35,79,9.51,broken clouds
329,Emba,KZ,48.8264,58.1442,19.35,81,99,11.25,overcast clouds
330,Cockburn Town,TC,21.4612,-71.1419,75.72,71,0,21.07,clear sky
331,Andilamena,MG,-17.0167,48.5833,63.05,94,100,3.87,overcast clouds
332,Berdigestyakh,RU,62.0989,126.6992,-18.35,95,99,5.68,overcast clouds
333,Muyezerskiy,RU,63.9333,31.65,-3.98,100,96,2.51,overcast clouds
334,Aracoiaba,BR,-4.3711,-38.8142,74.14,92,69,2.84,broken clouds
335,Salta,AR,-24.7859,-65.4117,72.19,78,75,3.44,broken clouds
336,Port Hardy,CA,50.6996,-127.4199,45.75,87,75,14.97,broken clouds
337,Banda Aceh,ID,5.5577,95.3222,81.25,73,63,8.57,broken clouds
338,Cutervo,PE,-6.379,-78.8157,52.45,83,100,1.25,overcast clouds
339,Ayagoz,KZ,47.9714,80.4392,-11.96,95,97,6.13,overcast clouds
340,Ferrol,ES,43.4832,-8.2369,54.36,86,100,7.4,overcast clouds
341,Colesberg,ZA,-30.72,25.0972,59.34,79,0,7.52,clear sky
342,Nenjiang,CN,49.1833,125.2167,-2.83,79,14,4.9,few clouds
343,Los Llanos De Aridane,ES,28.6585,-17.9182,61.12,66,0,8.99,clear sky
344,Umm Lajj,SA,25.0213,37.2685,68.34,48,0,18.41,clear sky
345,Srednekolymsk,RU,67.45,153.6833,-29.2,99,47,1.21,scattered clouds
346,Takhtamygda,RU,54.1,123.5667,-0.04,63,80,7.47,broken clouds
347,Haimen,CN,23.1935,116.6142,51.69,75,98,10.58,overcast clouds
348,Soe,ID,-9.8607,124.284,78.78,62,87,7.72,overcast clouds
349,Pisco,PE,-13.7,-76.2167,69.85,78,0,17.27,clear sky
350,Washougal,US,45.5826,-122.3534,48.74,90,0,5.75,clear sky
351,Trindade,BR,-16.6494,-49.4889,78.55,94,100,2.13,overcast clouds
352,Tommot,RU,58.9564,126.2925,-6.63,91,100,7.74,overcast clouds
353,Doha,QA,25.2867,51.5333,62.58,88,0,2.3,clear sky
354,Berbera,SO,10.4396,45.0143,72.52,68,0,3.15,clear sky
355,Chowchilla,US,37.123,-120.2602,59.99,44,0,0.0,clear sky
356,Kaeo,NZ,-35.1,173.7833,78.33,80,95,10.0,overcast clouds
357,Katobu,ID,-4.9408,122.5276,86.27,62,90,7.78,overcast clouds
358,Yelyzavethradka,UA,48.8038,32.4046,21.06,92,100,12.68,overcast clouds
359,Pankrushikha,RU,53.8319,80.3406,1.94,99,85,7.34,overcast clouds
360,Raymond,US,43.9015,-70.4703,40.23,91,100,9.6,moderate rain
361,Sorong,ID,-0.8833,131.25,83.53,75,100,8.81,overcast clouds
362,Kavaratti,IN,10.5669,72.642,79.23,64,2,8.03,clear sky
363,Morwell,AU,-38.2333,146.4,68.92,56,69,6.06,broken clouds
364,Saint-Francois,FR,46.4154,3.9054,40.44,87,100,5.75,overcast clouds
365,Alofi,NU,-19.0595,-169.9187,80.49,83,100,5.75,overcast clouds
366,French Harbor,HN,16.35,-86.4333,80.6,91,0,5.01,clear sky
367,San Cristobal,VE,7.7669,-72.225,75.38,64,85,1.43,overcast clouds
368,Uchiza,PE,-8.4592,-76.4633,70.79,93,29,2.75,scattered clouds
369,Yulara,AU,-25.2406,130.9889,76.84,27,95,20.71,overcast clouds
370,Rabo De Peixe,PT,37.8,-25.5833,59.27,89,20,16.11,few clouds
371,Sakakah,SA,29.9697,40.2064,53.17,48,0,13.67,clear sky
372,Ozuluama,MX,21.6667,-97.85,57.87,85,100,16.93,overcast clouds
373,Chincha Alta,PE,-13.4099,-76.1323,68.59,78,26,1.41,scattered clouds
374,Caohai,CN,26.8661,104.2841,30.78,90,100,3.49,overcast clouds
375,Mehamn,NO,71.0357,27.8492,19.2,83,86,12.82,overcast clouds
376,New Norfolk,AU,-42.7826,147.0587,69.66,36,1,1.99,clear sky
377,Suntar,RU,62.1444,117.6319,-15.61,99,96,1.34,overcast clouds
378,Vao,NC,-22.6667,167.4833,75.33,92,100,4.54,light rain
379,Banjar,ID,-8.19,114.9675,84.06,64,96,4.38,overcast clouds
380,Altay,CN,47.8667,88.1167,3.42,61,6,7.31,clear sky
381,Beringovskiy,RU,63.05,179.3167,1.06,77,100,18.92,overcast clouds
382,Weihe,CN,32.9952,105.3247,35.64,60,24,2.93,few clouds
383,Rocha,UY,-34.4833,-54.3333,70.25,97,100,4.21,overcast clouds
384,Khorixas,NA,-20.3667,14.9667,66.42,57,54,8.19,broken clouds
385,Hualmay,PE,-11.0964,-77.6139,70.81,81,75,8.61,broken clouds
386,Sete,FR,43.4018,3.6966,47.89,74,100,10.98,overcast clouds
387,Vestmannaeyjar,IS,63.4427,-20.2734,27.37,66,11,35.77,few clouds
388,Waverly,US,42.7392,-84.6208,16.29,75,0,16.11,clear sky
389,Zhanakorgan,KZ,43.9098,67.2495,25.83,74,12,5.53,few clouds
390,Ossora,RU,59.2353,163.0719,15.06,81,100,9.91,overcast clouds
391,Amapa,BR,1.0,-52.0,72.99,97,100,4.03,light rain
392,Passage West,IE,51.8739,-8.3444,41.94,95,75,10.36,light rain
393,Constitucion,CL,-35.3333,-72.4167,58.17,94,37,4.68,scattered clouds
394,Mareeba,AU,-17.0,145.4333,81.32,88,100,4.79,light rain
395,Lima,PE,-12.0432,-77.0282,70.9,76,0,1.01,clear sky
396,Haines Junction,CA,60.7522,-137.5108,-2.25,71,100,1.14,overcast clouds
397,Ewo,CG,-0.8725,14.8206,73.87,82,100,3.24,overcast clouds
398,Japura,ID,-0.3167,102.35,79.02,87,92,2.08,overcast clouds
399,Ara,IN,25.5667,84.6667,55.29,78,0,19.48,clear sky
400,Maldonado,UY,-34.6667,-54.9167,72.23,97,100,3.31,light rain
401,Keti Bandar,PK,24.1447,67.4497,67.98,56,0,9.13,clear sky
402,Abilene,US,32.4487,-99.7331,19.89,75,100,14.97,overcast clouds
403,Vestmanna,FO,62.1564,-7.1664,32.92,64,75,37.98,light snow
404,Gorahun,SL,7.4661,-11.2375,69.91,98,7,1.83,clear sky
405,Tortosa,ES,40.8125,0.5216,55.24,51,97,3.53,overcast clouds
406,Maymyo,MM,22.0333,96.4667,58.66,47,0,3.09,clear sky
407,Roma,US,43.2128,-75.4557,31.51,91,100,4.61,mist
408,Lasa,IT,46.6166,10.7002,38.66,67,82,2.91,broken clouds
409,Jiuquan,CN,39.7432,98.5174,14.05,39,20,3.09,few clouds
410,Omsukchan,RU,62.5333,155.8,-5.76,75,11,9.15,few clouds
411,Mwinilunga,ZM,-11.7358,24.4293,62.1,99,100,4.9,light rain
412,Richards Bay,ZA,-28.783,32.0377,76.14,94,92,6.26,moderate rain
413,Kisangani,CD,0.5167,25.2,69.33,91,100,1.99,overcast clouds
414,Boda,CF,4.3189,17.4695,73.6,25,61,3.74,broken clouds
415,Tadine,NC,-21.55,167.8833,77.09,93,100,8.93,light rain
416,Biak,ID,-0.9131,122.8766,83.44,61,100,0.81,overcast clouds
417,Christchurch,NZ,-43.5333,172.6333,62.8,77,100,16.11,overcast clouds
418,Manggar,ID,-2.8833,108.2667,83.98,65,30,1.59,scattered clouds
419,Puri,IN,19.8,85.85,72.12,68,26,18.43,scattered clouds
420,Atar,MR,20.5169,-13.0499,66.88,15,0,7.61,clear sky
421,Kyra,RU,49.5776,111.9753,-2.96,83,5,4.83,clear sky
422,Kudahuvadhoo,MV,2.6708,72.8944,80.98,72,2,10.76,clear sky
423,Leticia,CO,-4.2153,-69.9406,78.85,94,40,2.3,scattered clouds
424,Kloulklubed,PW,7.0419,134.2556,84.7,76,30,22.15,scattered clouds
425,San Matias,BO,-16.3667,-58.4,75.06,94,95,4.74,overcast clouds
426,Novyy Starodub,UA,48.5158,33.1733,22.71,91,100,13.67,overcast clouds
427,Vanderhoof,CA,54.0166,-124.0198,24.4,98,100,2.04,light snow
428,Burnie,AU,-41.0667,145.9167,65.95,57,1,8.86,clear sky
429,Attock,PK,33.7695,72.3611,48.76,90,0,3.62,clear sky
430,Penzance,GB,50.1186,-5.5371,51.01,77,100,26.73,overcast clouds
431,Thinadhoo,MV,0.5333,72.9333,81.82,70,62,8.34,broken clouds
432,Kasongo-Lunda,CD,-6.4667,16.8167,69.3,98,100,0.78,light rain
433,Ondjiva,AO,-17.0667,15.7333,73.51,36,99,3.98,overcast clouds
434,La Palma,US,33.8464,-118.0467,66.15,47,20,3.0,few clouds
435,Iqaluit,CA,63.7506,-68.5145,-9.67,64,75,5.75,light snow
436,Zapolyarnyy,RU,69.4154,30.8136,-1.12,100,100,3.24,overcast clouds
437,Rocky Mountain House,CA,52.3668,-114.9188,4.75,78,100,8.05,overcast clouds
438,Hambantota,LK,6.1241,81.1185,70.14,100,20,1.14,few clouds
439,Torit,SS,4.4133,32.5678,78.42,42,100,2.13,overcast clouds
440,Ranau,MY,5.9538,116.6641,77.65,62,83,3.24,broken clouds
441,Barybino,RU,55.2677,37.8933,19.62,92,99,4.47,mist
442,Suba,PH,10.8438,121.0102,79.88,83,85,25.88,overcast clouds
443,Amuntai,ID,-2.4177,115.2494,82.29,76,100,1.03,overcast clouds
444,Sibolga,ID,1.7427,98.7792,76.71,84,72,2.21,broken clouds
445,Kysyl-Syr,RU,63.8986,122.7617,-24.5,99,59,3.96,broken clouds
446,Luau,AO,-10.7073,22.2247,63.05,99,100,2.46,light rain
447,Martapura,ID,-3.4167,114.85,82.49,83,20,4.61,few clouds
448,Mimongo,GA,-1.6195,11.6068,68.85,93,100,0.94,overcast clouds
449,Mwene-Ditu,CD,-7.0,23.45,63.25,98,100,3.83,overcast clouds
450,Talnakh,RU,69.4865,88.3972,-13.54,98,79,7.2,broken clouds
451,Santa Ana,US,33.7456,-117.8678,65.77,41,40,1.99,scattered clouds
452,Bathurst,AU,-33.4166,149.5806,67.96,55,2,4.0,clear sky
453,Resplendor,BR,-19.3256,-41.2553,73.53,99,100,2.01,moderate rain
454,Ilinskiy,RU,55.619,38.1182,20.08,93,99,0.0,light snow
455,Ayame,CI,5.6083,-3.1563,72.36,96,4,1.92,clear sky
456,Kinablangan,PH,7.6947,126.5503,74.71,93,100,3.13,overcast clouds
457,Egvekinot,RU,66.3167,-179.1667,-6.97,75,1,18.88,clear sky
458,Esso,RU,55.9333,158.7,18.12,85,100,1.07,overcast clouds
459,Rorvik,NO,64.8621,11.2373,31.28,73,100,32.82,light snow
460,Verkhnyaya Inta,RU,65.9811,60.3094,15.08,95,100,4.72,overcast clouds
461,Udachnyy,RU,66.4167,112.4,-22.52,99,99,2.51,overcast clouds
462,Mackay,AU,-21.15,149.2,82.69,74,100,14.97,overcast clouds
463,Kabanjahe,ID,3.1001,98.4908,63.36,79,32,2.57,scattered clouds
464,Svetlyy,RU,54.675,20.1347,33.85,98,100,11.41,light snow
465,Iracoubo,GF,5.4802,-53.2011,76.3,89,100,9.62,overcast clouds
466,Broken Hill,AU,-31.95,141.4333,69.51,35,0,17.27,clear sky
467,Chernyshevskiy,RU,63.0128,112.4714,-13.29,100,92,0.92,overcast clouds
468,Sokol,RU,59.4617,40.1206,-1.59,100,96,2.21,overcast clouds
469,Lokhvytsya,UA,50.3678,33.2602,17.83,95,100,11.07,overcast clouds
470,Bima,ID,-8.4667,118.7167,86.0,66,30,3.98,scattered clouds
471,Charters Towers,AU,-20.1,146.2667,75.81,82,100,9.4,overcast clouds
472,At-Bashi,KG,41.1702,75.8106,-4.79,76,38,3.22,scattered clouds
473,Kamuli,UG,0.9472,33.1197,66.18,68,100,0.43,overcast clouds
474,Onguday,RU,50.75,86.15,-13.47,99,67,2.93,broken clouds
475,Prince Rupert,CA,54.3161,-130.3201,44.69,87,100,16.11,moderate rain
476,Acajutla,SV,13.5928,-89.8275,77.81,78,0,5.32,clear sky
477,Ban Dung,TH,17.699,103.2596,74.03,84,16,8.84,few clouds
478,Jalu,LY,29.0331,21.5482,50.16,60,6,12.62,clear sky
479,Coos Bay,US,43.3665,-124.2179,51.85,95,0,8.05,clear sky
480,Hofn,IS,64.2539,-15.2082,29.48,57,100,22.37,overcast clouds
481,Provideniya,RU,64.3833,-173.3,4.26,59,9,23.94,clear sky
482,Shu,KZ,43.5983,73.7614,28.71,85,5,2.24,clear sky
483,Tymovskoye,RU,50.8456,142.655,8.1,88,100,7.29,light snow
484,Sitka,US,57.0531,-135.33,44.49,87,100,18.41,light rain
485,Caraballeda,VE,10.6112,-66.8522,78.87,83,20,3.44,few clouds
486,Perth,AU,-31.9333,115.8333,95.67,19,0,13.8,clear sky
487,Luebo,CD,-5.35,21.4167,66.47,99,100,0.96,overcast clouds
488,Meihekou,CN,42.5272,125.6753,6.51,72,10,9.22,clear sky
489,Mount Isa,AU,-20.7333,139.5,82.17,32,100,12.66,overcast clouds
490,San Patricio,US,28.017,-97.5169,35.83,75,100,18.37,overcast clouds
491,Port Lincoln,AU,-34.7333,135.8667,67.06,60,44,15.73,scattered clouds
492,Niltepec,MX,16.5667,-94.6167,74.46,85,8,3.76,clear sky
493,Chor,PK,25.5167,69.7667,57.83,32,0,8.3,clear sky
494,Batemans Bay,AU,-35.7167,150.1833,70.99,79,79,11.48,broken clouds
495,Sechelt,CA,49.4664,-123.7694,44.55,98,100,4.92,overcast clouds
496,Komsomolskiy,UZ,40.4272,71.7189,33.22,86,2,4.61,clear sky
497,Kayerkan,RU,69.3497,87.7602,-13.79,97,56,5.95,broken clouds
498,Isangel,VU,-19.55,169.2667,84.31,84,100,4.61,heavy intensity rain
499,Stokmarknes,NO,68.5646,14.9108,20.21,63,100,14.34,overcast clouds
500,Harij,IN,23.7,71.9,54.97,62,0,1.81,clear sky
501,Flagstaff,US,35.1981,-111.6513,29.52,29,0,1.01,clear sky
502,Aktau,KZ,43.65,51.2,36.18,71,100,12.26,overcast clouds
503,Gornopravdinsk,RU,60.05,69.9,23.83,94,100,8.95,light snow
504,Derzhavinsk,KZ,51.1,66.3167,5.34,82,84,6.26,broken clouds
505,Tutoia,BR,-2.7619,-42.2744,84.18,88,100,12.59,overcast clouds
506,Khandbari,NP,27.3747,87.2039,50.38,83,100,1.34,light rain
507,Znamenka,RU,52.4167,41.4311,26.64,97,100,10.45,light snow
508,Coihaique,CL,-45.5752,-72.0662,60.75,67,75,4.61,broken clouds
509,Oussouye,SN,12.485,-16.5469,70.63,73,0,6.17,clear sky
510,Bilibino,RU,68.0546,166.4372,-3.51,68,0,3.67,clear sky
511,Noumea,NC,-22.2763,166.4572,87.78,90,100,10.29,overcast clouds
512,Luderitz,NA,-26.6481,15.1594,68.23,70,1,15.12,clear sky
513,Athabasca,CA,54.7169,-113.2854,-9.58,92,100,4.85,overcast clouds
514,Necochea,AR,-38.5473,-58.7368,66.04,92,100,5.57,overcast clouds
515,Huarmey,PE,-10.0681,-78.1522,71.67,81,22,7.76,few clouds
516,Holeby,DK,54.7115,11.4642,43.05,94,100,16.02,overcast clouds
517,Namatanai,PG,-3.6667,152.4333,84.51,68,90,10.83,overcast clouds
518,Sibay,RU,52.7181,58.6658,16.95,89,100,8.79,overcast clouds
519,Xinmin,CN,41.9908,122.8253,12.45,42,0,11.79,clear sky
520,San Policarpo,PH,12.1791,125.5072,77.23,85,100,20.58,overcast clouds
521,Bud,US,39.447,-86.1758,21.31,92,100,17.11,light snow
522,Padang,ID,-0.9492,100.3543,77.05,73,92,1.66,overcast clouds
523,Jaru,BR,-10.4389,-62.4664,73.65,95,96,0.98,overcast clouds
524,Rio Grande,BR,-32.035,-52.0986,77.05,84,100,11.95,moderate rain
525,Lodja,CD,-3.4833,23.4333,68.2,91,100,2.1,overcast clouds
526,Santa Cruz,BO,-17.8,-63.1667,76.46,88,40,9.22,scattered clouds
527,Bukan,IR,36.521,46.2089,20.55,82,10,5.28,clear sky
528,Shahr-E Babak,IR,30.1165,55.1186,42.55,31,0,3.62,clear sky
529,Kuzovatovo,RU,53.5468,47.6866,32.0,99,100,5.39,snow
530,Ankazoabo,MG,-22.2833,44.5167,71.19,73,0,4.94,clear sky
531,Varhaug,NO,58.6147,5.6457,41.85,93,100,19.46,light rain
532,Shitanjing,CN,39.2342,106.3439,14.52,35,0,0.16,clear sky
533,Batangafo,CF,7.3008,18.2833,71.83,17,17,8.03,few clouds
534,Fortuna,US,40.5982,-124.1573,50.34,90,0,6.91,clear sky
535,Vardo,NO,70.3705,31.1107,26.62,63,100,13.06,light snow
536,Jutai,BR,-5.1833,-68.9,72.88,98,100,1.5,heavy intensity rain
537,Sijunjung,ID,-0.6876,100.9537,77.34,88,84,0.6,moderate rain
538,Bozeman,US,45.6796,-111.0386,23.2,73,100,3.44,overcast clouds
539,Oneonta,US,42.4529,-75.0638,37.8,96,100,5.91,snow
540,Zhurivka,UA,50.5028,31.7849,22.98,96,77,9.98,broken clouds
541,Ambon,ID,-3.6954,128.1814,84.34,79,40,4.61,scattered clouds
542,Skelleftea,SE,64.7507,20.9528,-1.84,84,100,2.3,overcast clouds
543,Dudinka,RU,69.4058,86.1778,-21.91,100,65,4.0,broken clouds
544,Aviles,ES,43.5547,-5.9248,51.93,78,100,4.61,overcast clouds
545,Rong Kwang,TH,18.339,100.3174,72.55,58,25,1.7,scattered clouds
546,Tanete,ID,-3.9443,119.7848,86.43,64,71,9.35,broken clouds
547,Paamiut,GL,61.994,-49.6678,19.4,95,100,10.04,snow
548,Hlobyne,UA,49.3878,33.2596,18.7,95,100,12.12,overcast clouds
549,Pangai,TO,-19.8,-174.35,81.88,79,100,20.58,light rain
550,Elizabeth City,US,36.2946,-76.2511,63.01,79,0,9.22,clear sky
551,Aykhal,RU,66.0,111.5,-21.62,100,100,0.85,overcast clouds
552,Tayga,RU,56.06,85.6197,11.32,98,100,6.13,overcast clouds
553,Irpa Irpa,BO,-17.7167,-66.2667,62.6,69,99,4.76,light rain
554,Wilmington,US,34.2257,-77.9447,64.98,82,75,8.05,broken clouds
555,Tikrit,IQ,34.6071,43.6782,50.32,42,30,10.98,scattered clouds
556,Mogadishu,SO,2.0371,45.3438,75.9,79,5,19.55,clear sky
557,Ylojarvi,FI,61.5563,23.5961,10.94,88,75,3.44,broken clouds
558,Puerto Leguizamo,CO,-0.1934,-74.7819,73.58,95,97,2.98,overcast clouds
559,Waycross,US,31.2136,-82.354,72.32,73,0,8.05,clear sky
560,Yazd,IR,31.8972,54.3675,41.11,42,0,4.61,clear sky
561,Novaya Malykla,RU,54.2,49.95,32.25,99,100,8.46,snow
562,Antalaha,MG,-14.9003,50.2788,75.81,85,100,5.77,overcast clouds
563,Kandri,IN,21.4167,79.2667,58.57,47,6,5.77,clear sky
564,Corn Island,NI,12.1694,-83.0418,80.44,76,0,15.84,clear sky
565,Papara,BR,-3.9839,-38.7273,81.0,93,87,2.86,overcast clouds
566,Goderich,CA,43.7501,-81.7165,15.91,73,100,11.5,overcast clouds
567,Harper,LR,4.375,-7.7169,77.81,84,13,3.56,light rain
568,Oia,PT,40.5426,-8.5386,50.4,82,100,0.47,overcast clouds
569,Praia Da Vitoria,PT,38.7333,-27.0667,57.45,88,20,13.2,few clouds
570,Kuito,AO,-12.3833,16.9333,58.6,98,100,2.93,light rain
571,Arrifes,PT,37.7667,-25.7,58.23,77,20,16.11,few clouds
572,Labuhan,ID,-6.8844,112.2051,81.81,76,80,5.46,broken clouds
573,Puerto Ayacucho,VE,5.6639,-67.6236,82.18,77,57,3.78,broken clouds
574,Idar-Oberstein,DE,49.7,7.3,42.75,84,93,7.29,overcast clouds
575,Maraa,BR,-1.8333,-65.3667,72.64,98,79,0.6,broken clouds
576,Ishigaki,JP,24.3448,124.1572,64.53,100,75,23.02,mist
577,Podor,MR,16.6527,-14.9587,73.81,9,0,10.29,clear sky
578,Rio Gallegos,AR,-51.6226,-69.2181,48.25,61,75,10.36,broken clouds
579,Lubbock,US,33.6001,-101.8338,16.05,78,100,5.01,light snow
580,Kulu,TR,39.0951,33.0799,32.41,98,100,10.33,snow
581,Fort Nelson,CA,58.8053,-122.7002,-11.61,77,100,4.61,light snow
582,Erice,IT,38.037,12.5865,42.96,76,0,8.05,clear sky
583,Weihai,CN,37.5017,122.1136,29.05,58,97,12.86,overcast clouds
584,Tabuk,PH,17.4189,121.4443,76.12,80,60,4.72,broken clouds
585,Sinazongwe,ZM,-17.2614,27.4618,73.69,84,10,3.56,clear sky
586,Anloga,GH,5.7947,0.8973,82.62,81,0,7.16,clear sky
587,Sitrah,BH,26.1547,50.6206,62.6,85,0,2.3,clear sky
588,Frolovo,RU,49.7713,43.6622,34.39,100,100,8.77,snow
589,Grand-Santi,GF,4.25,-54.3833,72.0,99,100,2.19,light rain
590,Middletown,US,39.5151,-84.3983,24.62,92,100,13.8,snow
591,North Myrtle Beach,US,33.816,-78.68,64.45,93,0,10.36,clear sky
592,Pacific Grove,US,36.6177,-121.9166,61.95,77,0,1.01,clear sky
593,Deputatskiy,RU,69.3,139.9,-24.29,97,49,2.04,scattered clouds
594,Sidney,AU,-33.8679,151.2073,75.22,74,75,1.99,light intensity shower rain
595,Kahului,US,20.8947,-156.47,83.46,60,0,17.27,clear sky
596,Ibra,OM,22.6906,58.5334,59.61,67,0,4.03,clear sky
597,Tavda,RU,58.0425,65.2726,27.95,93,100,8.32,overcast clouds
598,Orizona,BR,-17.0314,-48.2958,68.68,87,78,2.39,broken clouds
599,Barra,BR,-11.0894,-43.1417,79.03,57,71,4.56,broken clouds
600,Pulandian,CN,39.3953,121.9669,21.33,43,3,15.84,clear sky
601,Marzuq,YE,14.4,46.4667,58.24,31,4,2.42,clear sky
602,Cherdyn,RU,60.403,56.4787,-2.36,100,100,2.13,overcast clouds
603,Mahibadhoo,MV,3.7833,72.9667,80.87,70,22,6.51,few clouds
604,Prieska,ZA,-29.6641,22.7474,68.95,45,0,5.53,clear sky
605,Cayenne,GF,4.9333,-52.3333,78.1,86,75,3.0,broken clouds
606,Opuwo,NA,-18.0607,13.84,63.1,58,5,1.41,clear sky
607,Iskenderun,TR,36.5872,36.1735,45.43,82,100,10.04,overcast clouds
608,Saryagash,KZ,41.4511,69.1701,37.36,30,0,8.14,clear sky
609,Vasto,IT,42.1243,14.7059,47.48,64,100,5.68,overcast clouds
610,Gravdal,NO,68.1214,13.5031,24.96,65,100,36.57,overcast clouds
611,Samara,RU,53.0,50.0,32.14,95,100,9.98,snow
612,Hanting,CN,36.7708,119.2108,33.21,40,70,11.41,broken clouds
613,Tautira,PF,-17.7333,-149.15,87.82,76,42,15.41,scattered clouds
614,Kirakira,SB,-10.4544,161.9205,81.97,82,100,10.74,light rain
615,Abu Samrah,SY,35.3029,37.1841,43.83,88,98,7.4,overcast clouds
616,Tual,ID,-5.6667,132.75,83.52,73,90,14.09,overcast clouds
617,Nacala,MZ,-14.5428,40.6728,75.87,90,99,2.51,overcast clouds
618,Creston,US,41.0586,-94.3614,10.53,61,0,5.75,clear sky
619,Akhtubinsk,RU,48.2795,46.1722,30.38,92,100,8.84,overcast clouds
620,Gizo,SB,-8.103,156.8419,81.52,78,100,11.34,overcast clouds
621,Alta Floresta,BR,-9.8756,-56.0861,75.02,100,0,1.14,clear sky
622,Yeppoon,AU,-23.1333,150.7333,83.98,81,100,16.64,overcast clouds
623,Codrington,AU,-38.2667,141.9667,65.52,62,81,15.01,broken clouds
624,Ancud,CL,-41.8697,-73.8203,61.23,96,44,3.18,scattered clouds
625,Buraydah,SA,26.326,43.975,64.85,59,3,10.67,clear sky
626,Barzas,RU,55.7167,86.3167,3.43,98,100,4.9,overcast clouds
627,Santa Cruz Cabralia,BR,-16.2781,-39.0247,80.83,83,20,8.05,few clouds
628,Kholm,RU,59.2667,32.85,-3.19,100,100,1.99,overcast clouds
629,Brewster,US,41.3973,-73.6171,45.79,94,100,0.0,moderate rain
630,Yenagoa,NG,4.9247,6.2642,76.87,85,6,2.42,clear sky
631,Babushkin,RU,51.7122,105.8647,9.41,88,97,3.65,overcast clouds
632,Batticaloa,LK,7.7102,81.6924,74.66,80,2,1.95,clear sky
633,Ukiah,US,39.1502,-123.2078,60.58,57,0,5.75,clear sky
634,Qeshm,IR,26.9581,56.2719,57.09,55,0,4.79,clear sky
635,Saint-Augustin,CA,51.226,-58.6502,10.02,70,100,17.07,overcast clouds
636,Hamilton,US,39.1834,-84.5333,25.72,91,100,4.0,mist
637,Pak Phanang,TH,8.3511,100.202,82.42,73,7,10.69,clear sky
638,Krasnoarmeysk,RU,51.0239,45.6969,32.16,99,100,9.51,overcast clouds
639,Palana,RU,59.1167,159.9667,11.3,83,100,13.56,overcast clouds
640,Beidao,CN,34.5686,105.8933,24.13,84,96,2.37,overcast clouds
641,Brighton,GB,50.8284,-0.1395,50.32,89,100,13.0,overcast clouds
642,Bandarbeyla,SO,9.4942,50.8122,72.34,72,6,12.33,clear sky
643,Maniitsoq,GL,65.4167,-52.9,12.2,82,100,21.32,light snow
644,Lander,US,42.833,-108.7307,12.16,71,16,4.52,few clouds
645,Praia,CV,14.9215,-23.5087,70.34,68,0,6.91,clear sky
646,Nuuk,GL,64.1835,-51.7216,14.61,79,75,5.75,light shower snow
647,Macapa,BR,0.0389,-51.0664,80.58,89,75,5.75,broken clouds
648,Neuquen,AR,-38.9516,-68.0591,71.49,64,75,6.91,light rain
649,Koppang,NO,61.5706,11.0555,23.45,95,100,11.25,light snow
650,Camargo,MX,27.6667,-105.1667,49.1,40,0,16.84,clear sky
651,Camacha,PT,33.0833,-16.3333,62.53,94,20,8.05,few clouds
652,Nathdwara,IN,24.9333,73.8167,49.19,39,0,5.17,clear sky
653,Mitu,CO,1.1983,-70.1733,71.42,98,57,0.27,broken clouds
654,Rockland,US,41.1668,-74.0496,45.43,92,100,1.95,light rain
655,Marawi,PH,7.9986,124.2928,72.64,84,100,2.75,moderate rain
656,Monte Patria,CL,-30.6919,-70.9467,69.84,55,0,1.92,clear sky
657,Xichang,CN,27.8964,102.2634,42.21,91,95,2.1,overcast clouds
658,Bandarban,BD,22.1965,92.2262,64.56,52,0,2.62,clear sky
659,Geraldton,AU,-28.7667,114.6,97.21,12,0,23.02,clear sky
660,Port Augusta,AU,-32.5,137.7667,77.7,31,0,10.04,clear sky
661,Erzin,TR,36.9559,36.2,45.12,82,100,7.85,overcast clouds
662,Aksarka,RU,66.5606,67.7975,-13.29,100,99,1.23,overcast clouds
663,Hammerfest,NO,70.6634,23.6821,16.25,73,0,11.5,clear sky
664,Teya,RU,60.3778,92.6267,10.83,93,100,6.35,overcast clouds
665,Aasiaat,GL,68.7098,-52.8699,14.81,81,100,29.12,overcast clouds
666,Palmer,US,42.1584,-72.3287,44.15,88,100,3.44,mist
667,Tahta,EG,26.7693,31.5021,50.86,48,3,10.04,clear sky
668,Chililabombwe,ZM,-12.3648,27.8229,62.38,99,100,5.12,light rain
669,Xiamen,CN,24.4798,118.0819,55.45,82,100,8.95,overcast clouds
670,Pimenta Bueno,BR,-11.6725,-61.1936,72.01,98,66,2.75,broken clouds
671,Petatlan,MX,17.5167,-101.2667,80.4,77,0,2.91,clear sky
672,Maragogi,BR,-9.0122,-35.2225,78.8,74,98,8.46,overcast clouds
673,Tabou,CI,4.423,-7.3528,77.88,86,9,4.92,light rain
674,Karasjok,NO,69.4719,25.5112,6.91,98,96,4.92,overcast clouds
675,Pemberton,CA,50.3164,-122.8027,31.86,97,96,2.1,overcast clouds
676,Rio Grande City,US,26.3798,-98.8203,39.88,57,99,18.43,overcast clouds
677,Sao Paulo Do Potengi,BR,-5.895,-35.7628,82.08,80,22,7.31,few clouds
678,Porto Novo,BJ,6.4965,2.6036,82.22,86,0,6.2,clear sky
679,Sorland,NO,67.667,12.6934,25.2,80,100,34.14,light snow
680,Sobolevo,RU,54.4299,31.8996,6.37,99,92,6.8,overcast clouds
681,Harindanga,IN,22.0383,88.3214,66.18,71,0,9.8,clear sky
682,Kidal,ML,18.4411,1.4078,58.41,16,0,14.92,clear sky
683,Eureka,US,40.8021,-124.1637,50.61,85,2,5.99,clear sky
684,Mizur,RU,42.8531,44.0531,22.8,56,100,5.5,overcast clouds
685,Manacor,ES,39.5696,3.2096,53.83,78,90,4.27,overcast clouds
686,La Asuncion,VE,11.0333,-63.8628,78.53,78,1,14.97,clear sky
687,Greenville,US,35.6127,-77.3663,66.36,74,100,9.22,overcast clouds
688,Si Satchanalai,TH,17.5169,99.7598,73.18,58,89,2.68,overcast clouds
689,La Rioja,ES,42.25,-2.5,46.04,61,94,3.51,overcast clouds
690,Hlotse,LS,-28.8718,28.045,62.37,84,54,4.07,broken clouds
691,Havre-Saint-Pierre,CA,50.2334,-63.5986,12.79,61,100,17.27,overcast clouds
692,Mangrol,IN,21.1167,70.1167,62.1,47,13,5.3,few clouds
693,Shonguy,RU,68.7526,33.146,3.27,85,75,0.0,mist
694,Marrakesh,MA,31.6315,-8.0083,59.07,44,0,2.3,clear sky
695,Awjilah,LY,29.1081,21.2869,50.38,60,7,12.66,clear sky
696,Palmerston North,NZ,-40.35,175.6167,91.06,43,13,5.99,few clouds
697,Turkistan,KZ,43.0,68.0,32.88,72,3,12.03,clear sky
698,Cairns,AU,-16.9167,145.7667,85.95,66,100,9.22,overcast clouds
699,Monopoli,IT,40.9559,17.2896,46.42,54,100,1.97,overcast clouds
700,Ahvaz,IR,31.3203,48.6693,53.55,87,0,6.91,clear sky
701,Vohibinany,MG,-17.35,49.0333,72.82,79,100,4.59,overcast clouds
702,Taoudenni,ML,22.6783,-3.9836,62.31,20,39,10.25,scattered clouds
703,Korla,CN,41.7597,86.1469,25.11,45,100,6.87,overcast clouds
704,Makakilo City,US,21.3469,-158.0858,80.92,45,0,14.97,clear sky
705,Paciran,ID,-6.8767,112.3761,81.9,75,79,5.68,broken clouds
706,Raahe,FI,64.6833,24.4833,0.19,97,65,7.25,broken clouds
707,Pangnirtung,CA,66.1451,-65.7125,-13.38,99,100,4.59,overcast clouds
708,Langres,FR,47.8333,5.3333,38.25,96,66,7.94,broken clouds
709,Biblis,DE,49.6917,8.4586,46.2,85,92,6.8,overcast clouds
710,Didwana,IN,27.4,74.5667,50.09,76,0,4.74,clear sky
711,Grand-Lahou,CI,5.1367,-5.0242,78.01,87,3,6.71,clear sky
712,Yerbogachen,RU,61.2767,108.0108,4.32,98,100,3.78,overcast clouds
713,Shimoda,JP,34.6667,138.95,46.76,63,100,4.59,overcast clouds
714,Butwal,NP,27.7006,83.4484,55.49,87,100,5.5,overcast clouds
715,Shorapur,IN,16.5167,76.75,63.52,51,11,7.54,few clouds
716,Garcia,MX,25.8167,-100.5833,70.66,86,89,7.49,overcast clouds
717,Waldoboro,US,44.0954,-69.3756,39.34,97,100,8.77,light rain
718,Abong Mbang,CM,3.9833,13.1833,65.89,81,94,1.05,overcast clouds
